,0,1,2,3,4,5,6,7,8,9
CCCAAGTAAGCC_7,1,13,6,11,7,26,16,29,2,24
TTGCATTTTAAC_7,9,19,14,14,3,5,1,20,23,7
TGTCCCACCTGC_7,28,16,14,29,0,2,28,17,11,14
GCGATCACTTTC_7,27,20,25,2,22,9,1,15,9,18
CGGGGAATCCGG_7,19,5,10,4,10,10,26,20,21,0
GCCGTTGGGTCC_7,28,2,12,15,21,20,3,26,7,6
CGTTTAGGTCTG_7,3,6,27,7,3,26,26,4,24,24
CCACCGCGGCCG_7,14,29,15,26,25,9,28,15,9,25
ATGGCCCCGTTC_7,1,25,10,6,4,17,20,2,26,25
CGCGCGATTGGC_7,13,2,23,2,9,21,25,27,10,7
GACCCGTCGATC_7,28,7,7,7,5,11,4,0,21,25
AGCCCACTCACA_7,9,15,9,6,15,10,12,10,4,7
AACCCCGGCGTA_7,3,2,15,18,18,14,6,6,4,25
CATGGGTGTCCC_7,3,11,6,6,20,17,23,22,2,10
CTCCTATTCTTG_7,18,18,26,14,3,10,25,27,14,7
CGTCACTCTTAA_7,13,8,24,15,25,18,28,8,9,26
GCAAGGCTCTGG_7,26,27,26,21,2,16,10,19,9,21
CGCCGCGAGCAG_7,21,11,10,26,10,2,22,11,0,10
TGATTGGCATTA_7,13,20,24,21,19,10,24,1,7,22
TAATCCTCGTAA_7,29,17,19,9,25,0,12,8,9,26
TAGGGAACGTAG_7,17,16,29,14,16,1,25,19,24,7
GGGCTACGAGCC_7,27,19,9,25,0,9,15,5,4,21
ACAGGTGCGAAA_7,28,15,7,25,18,5,29,26,4,7
ATCCAGCATGTG_7,28,15,6,17,15,19,0,1,14,1
TGCACGACTTCA_7,29,16,9,18,15,5,4,4,14,23
TGTAATAACTTC_7,25,26,16,19,21,16,18,3,14,6
TCGCATGACCAT_7,17,17,13,27,19,17,18,27,13,25
CGCGTAACACAT_7,1,16,21,21,16,6,8,2,10,21
CGATAACGCTAT_7,19,29,27,14,6,16,1,16,10,4
ATCGGTCCTCCT_7,15,2,14,16,15,10,4,9,21,4
CCAGCCCGCGCT_7,24,19,6,7,24,0,6,6,24,10
GGCTAACGCTTA_7,28,7,10,15,15,25,8,1,1,7
TCCGCACTCGTC_7,16,11,15,0,10,10,0,15,8,2
GTTTCCTTTGGG_7,13,11,19,8,15,3,8,21,20,22
TTCGTGGGGCCA_7,20,28,1,8,24,9,14,8,28,22
CAAAACTCGTCC_7,10,5,1,14,19,0,7,19,12,25
GTAGGAGGAGTC_7,3,8,11,10,2,3,8,8,20,22
CGAAACGGGAGC_7,28,8,13,16,25,8,20,6,20,24
GACATGAAGGGA_7,9,26,4,15,5,3,4,21,2,6
TGCCCTCCTGAT_7,15,3,24,22,6,10,24,14,19,26
TGCACAGCCAAA_7,9,25,7,9,6,2,8,16,29,9
GTCCGGCATGCT_7,28,16,1,1,17,16,29,0,24,6
GTGCGACGATTT_7,3,3,13,16,19,3,15,0,7,22
CCCGTATACCGC_7,26,3,25,16,23,3,28,15,9,15
TCGTCCGTCTAC_7,16,23,18,24,20,6,27,5,16,23
CACCCGATACGT_7,0,19,1,25,16,15,18,1,7,25
TTAGGGTCAGGC_7,29,15,7,14,16,21,11,17,10,15
CTACGTCGTAAA_7,2,16,23,15,16,9,6,8,20,5
TGCCGAGGATAT_7,1,20,24,18,20,10,3,19,16,24
TCCCTGCTCCTC_7,9,2,25,27,16,18,25,8,1,21
TTAAGAGGCGGT_7,9,3,6,16,2,4,8,27,15,18
AATACTCGCGCT_7,24,29,22,20,24,22,25,28,18,13
ATCCTGTCAGCC_7,28,15,14,19,0,14,1,22,2,7
GCCCGATAAAGT_7,9,20,26,28,8,5,5,15,10,3
CGGAGAGTCGGA_7,28,7,15,18,7,11,4,22,4,25
ACATAGCCTGGC_7,5,5,10,18,14,17,12,10,21,7
TGGATCGTAATG_7,23,2,10,13,14,20,13,28,26,28
AGAGTAGCCCGT_7,1,8,25,14,17,3,8,18,11,1
CGTCCCAAGTGC_7,1,3,19,9,8,9,13,27,9,18
CAGCCTAAGTTT_7,29,16,9,18,16,29,26,2,12,25
GCAATTCGCTTC_7,19,19,0,20,16,26,18,27,14,3
TGCAAGAAACGG_7,28,11,12,28,1,11,3,15,11,24
ATTCGAAGGCAA_7,9,8,29,15,16,10,4,27,26,24
ATTGGACCAGAC_7,28,6,18,2,20,11,6,20,2,6
TGGAAATCACTC_7,19,22,27,21,21,15,3,1,26,21
GTGATCAGTAGC_7,21,1,13,23,25,2,20,8,7,22
ATTAACATTAAG_7,9,29,14,26,23,17,3,11,7,15
CGGGTTATATTT_7,18,2,17,14,3,26,8,19,26,26
CACTCCTGTCCG_7,15,20,1,14,17,0,20,22,2,9
GATTCCCCAGAA_7,15,6,2,13,0,20,8,29,4,21
CGGGGCCACCTC_7,26,2,15,15,17,10,18,5,27,3
ACGACATCGGCT_7,16,16,14,7,26,18,11,19,4,10
ATCCTGTCAGCT_7,9,7,29,7,14,16,13,4,16,7
TCTCGTTATCCC_7,16,9,21,13,28,10,19,3,14,13
CAGCCGACACGG_7,2,7,1,12,26,8,21,25,0,0
CTAGCGAATTCG_7,24,13,10,18,3,5,4,26,1,0
CTAGTTGCTGCG_7,12,20,10,1,5,16,15,0,7,3
CGCATGAAACTT_7,1,24,16,3,26,15,12,22,10,1
TCCTAGCTCAGT_7,15,6,27,19,23,4,8,27,9,18
CCGGCTATTTTT_7,15,4,22,20,18,20,18,22,18,8
CTGATAGGGCAC_7,7,8,19,16,8,3,8,20,9,22
ATACAAGCGTGA_7,22,2,24,22,25,5,14,3,5,16
CTGGTTTGACAC_7,13,25,6,23,10,26,5,1,14,10
TGCAGTGCGCCG_7,16,21,24,2,5,0,11,22,9,6
GATGAATGCGGT_7,17,13,29,13,0,15,8,19,22,3
CGTCACCTTTCG_7,28,23,3,5,20,13,18,21,27,1
CCGTGCTAGTAG_7,9,16,3,26,20,5,23,14,15,9
AGAAGCCCAGGA_7,16,6,26,15,18,17,15,2,15,25
ACCGACCCTGGG_7,1,20,11,0,12,10,11,26,14,8
CAGTGTGCCCTG_7,3,4,18,0,20,0,12,10,24,24
GTAAGATGGATG_7,14,2,22,28,3,18,18,9,26,20
ATGCATGATCGC_7,19,16,29,12,3,28,26,11,25,13
AGTCCCCTGAAT_7,4,10,4,15,6,1,1,12,1,4
CGTCAGAGGTTG_7,24,22,2,25,16,18,10,20,7,4
CGGCCTTGCAAC_7,12,29,26,18,1,4,4,10,23,2
ACTGAGGTATTG_7,13,14,19,8,28,3,11,25,0,8
ACCACCCCCAGC_7,0,18,26,21,28,16,11,5,6,1
TACAATCGGAGC_7,27,19,26,17,15,18,23,19,9,10
CTGGACACGGAA_7,24,14,0,13,16,13,27,10,24,12
GACGATTCACAT_7,10,29,21,25,14,15,21,26,12,13
TTCACTTGTCGT_7,1,2,18,20,21,15,12,0,26,21
CCACACCCTTGG_7,3,26,29,20,29,17,29,9,2,4
GGGATGAGATTA_7,18,14,29,29,26,8,7,27,14,11
GCGGACCCTATA_7,28,7,10,17,19,11,10,15,7,6
AACGGCTGATCA_7,3,16,3,13,18,0,27,29,2,28
CACAAGATATTC_7,5,2,27,3,26,22,26,10,16,2
CGCCGCGAGCAC_7,26,16,15,0,17,17,8,16,24,5
CAAGGGTTGCCG_7,13,12,10,2,23,5,5,25,4,28
CGGATGTGCCAG_7,3,27,18,6,19,6,13,3,16,28
CCCGGACGGCTG_7,1,17,22,21,19,9,14,0,4,28
TGTCAATCGTAG_7,13,3,25,10,25,9,13,1,12,17
AGCCCGCCGCAT_7,3,5,4,3,16,15,12,27,0,13
TGACTTGGTTCA_7,2,15,9,23,5,8,4,6,20,19
CGAAGGGCGATC_7,5,13,26,17,2,22,0,28,10,10
TATCAACTCGCA_7,0,21,11,25,24,18,15,4,26,0
AGATTGTAGGTA_7,15,3,14,26,24,28,24,27,20,17
TCTTCGCATGAC_7,20,3,25,8,25,28,8,8,28,22
GACGCTGCCCGT_7,26,3,19,15,19,3,28,8,9,15
CCGAGCTCCGAT_7,26,22,10,16,17,4,20,6,20,18
ATACTTCGACTC_7,28,20,17,19,5,12,10,17,29,14
ATGGCGCCGCCC_7,11,7,21,27,6,1,2,0,12,14
TATTGTTAGTCT_7,26,28,7,14,14,3,1,12,23,26
TCGCCATCTTCT_7,2,7,4,16,23,4,1,8,23,17
AGACATCAGTGA_7,13,12,10,7,20,22,22,1,13,0
GGAGATGGCGAC_7,21,16,1,7,24,5,29,20,21,20
GCACTGGCGCAG_7,28,29,1,25,14,0,20,26,24,23
CAAGCGGCCGCA_7,26,13,4,0,5,8,20,20,17,14
CGGTATCGTAGT_7,7,23,24,21,6,25,22,15,7,5
CGTGAATTTAAA_7,25,15,7,21,13,27,14,5,8,6
GCTCAATGCTTC_7,25,18,5,25,15,10,5,2,14,7
CCCCCGTGCCTT_7,16,9,29,17,11,25,12,1,5,16
GCATAACTGCAC_7,24,2,27,18,24,5,25,0,4,9
TAGATTATTAGA_7,25,14,6,18,28,10,15,26,14,1
ACTACGTCATGA_7,1,28,19,9,25,28,15,0,9,5
GGACACTAGGCA_7,3,20,18,20,16,17,6,1,14,23
CGGAGAGTCGGC_7,21,22,15,25,1,11,4,20,4,6
TTAATCCTTACA_7,15,2,14,8,1,25,14,8,19,2
AGGCTAATACGC_7,21,13,1,7,24,22,13,22,29,25
GAGGGTCGCGGA_7,15,7,6,3,28,11,4,2,24,10
TTACCGTTTGCG_7,16,12,9,17,26,7,4,0,12,10
CGAGTACCAAAA_7,17,4,3,7,3,14,0,5,14,28
CGCTAGAGGCAT_7,13,7,29,26,5,5,21,17,12,23
GACTTGGACGAG_7,21,13,1,17,14,3,4,11,27,7
GACATTTGCTCG_7,0,1,10,27,13,8,29,2,10,23
ACTCAAAGATCG_7,23,15,18,27,20,22,7,26,14,12
CAAGTGCGCCAG_7,8,6,21,13,26,5,25,6,24,21
ATCCTGTCAGCA_7,9,3,26,24,0,4,10,20,12,5
ATAACATGGGCG_7,1,27,18,29,8,20,3,12,7,13
CGTCTACGATCT_7,15,21,1,23,13,28,17,8,5,29
GAATCGTTTCGG_7,9,2,11,18,18,5,26,22,0,12
ATTTCTAGTATT_7,19,3,23,9,4,18,6,1,7,22
CAACGATATAAT_7,14,16,6,28,13,7,11,24,13,3
CTTAGAGGAAGC_7,5,11,26,22,1,27,11,6,27,10
GGTCCGGACGAT_7,10,1,9,7,19,25,25,29,4,21
TTAAAGTGACTG_7,21,12,13,29,4,2,23,6,0,3
GCGTTTTTGATC_7,10,7,14,19,0,2,4,16,29,5
CGCCGCGAGCAA_7,16,1,7,26,17,11,1,16,24,14
AATCCTCCTGCT_7,18,19,26,16,16,15,11,19,19,10
GTAGTCGTTACT_7,0,5,6,28,0,27,16,24,22,21
TTAGATCGAGGA_7,5,21,23,4,19,15,4,27,22,11
TTAGCGTTGCGA_7,2,6,5,27,17,13,20,9,12,25
TCGCTAGACCCC_7,10,7,17,24,26,8,8,16,17,14
CATATTCGTGTC_7,13,22,17,3,15,15,29,4,24,20
GCGGTCTACTCA_7,1,1,6,6,2,14,6,21,16,25
TATTTGCAAGGC_7,29,8,19,25,25,22,18,26,20,22
TAGACCTTGAGC_7,17,0,1,18,21,13,15,25,18,12
GTCGGAGAATTT_7,19,21,13,2,23,0,23,27,22,3
GAGTAACTAGTA_7,21,29,25,25,24,20,8,12,7,0
ATAATCGATTGA_7,4,13,27,25,17,2,15,16,11,7
TGGCAAGGACAA_7,15,9,10,13,20,14,20,23,17,23
CGCACGACAGGA_7,17,2,1,2,20,8,13,1,1,24
TGCTATGTTCCT_7,4,19,16,16,19,10,21,5,14,1
CCCTACCCGCTG_7,17,19,1,14,11,13,23,4,23,7
GGCGCCCCAACG_7,17,22,7,17,18,27,1,24,7,21
TTACCAAGATCG_7,9,17,14,24,3,29,22,0,17,4
GTTCTTACGCAA_7,24,19,11,18,11,8,8,9,22,4
GCGCCGCGATGT_7,24,9,13,27,3,13,20,25,17,23
CGCATCCCGTCG_7,20,23,26,1,1,5,23,10,21,3
GTAACGTCCGAT_7,3,3,4,18,14,3,11,18,11,8
GATCGAGGCAGG_7,24,26,6,20,19,22,23,22,22,8
CATGATCGATCC_7,25,23,14,4,4,5,18,25,21,4
CGCCCGGCGCGC_7,27,10,8,2,17,2,5,20,29,5
CGCATCCCGTCC_7,5,26,18,20,19,10,15,20,15,4
AGTACCTCTTTG_7,10,2,4,20,14,10,7,19,26,9
TACCCATCATGC_7,14,18,24,15,6,4,20,16,15,4
GTACAGCAGGTT_7,25,3,24,8,19,8,28,8,20,14
CCCACGGGCCTG_7,27,12,8,15,19,0,18,20,7,22
ATGCGGTCCATG_7,9,18,4,0,8,1,18,16,11,15
CGTGTCCTACTA_7,1,15,18,18,3,15,7,19,19,18
CGAAAGTTAATC_7,5,18,22,5,13,27,23,25,4,11
TCCGCACCATCG_7,10,21,24,16,9,3,17,14,1,0
ACGGTGATCGAC_7,19,13,13,11,15,17,15,5,16,10
GTCCCGTTCCTG_7,14,20,14,14,27,26,28,15,9,26
CCTCCAGCGGAG_7,12,29,28,16,2,14,15,22,13,10
TTTTTGCGCCAA_7,15,27,25,26,19,17,28,20,20,18
TCTCTCTGAGGC_7,9,27,10,7,20,8,15,2,24,25
CTCGGCGATGAG_7,11,3,25,26,17,4,4,16,7,18
TTCTTACCGAAC_7,20,1,7,14,11,4,21,11,29,5
AAGCCCAGGTAA_7,4,16,29,2,14,4,5,0,13,1
TCTCCACCCCAA_7,21,18,22,16,16,15,6,27,13,1
GTTGCTTTTCCG_7,9,6,21,8,12,10,22,27,21,7
GTACCCAGGCGT_7,22,11,2,22,1,23,14,18,11,16
CGCGCGTCCACC_7,21,17,15,4,24,9,1,8,29,5
CCGGGGCCTAAG_7,26,7,2,19,17,5,25,11,20,21
TTCGCATCCGTT_7,23,23,22,25,23,14,14,5,26,24
ATTGACAATCAG_7,10,24,9,7,17,5,15,23,23,0
TTGACGCACATA_7,29,1,10,11,18,22,12,4,19,7
ATTCCGCTCTGC_7,0,19,9,16,11,27,6,29,26,23
CGCCGCGAGCAT_7,14,15,13,24,10,11,22,25,0,23
GACCCGACGTAC_7,17,19,18,7,17,6,5,20,24,21
CCTCATGCGATT_7,14,7,17,24,6,15,1,0,7,15
ATTTAGTCTCCA_7,17,21,18,27,15,6,7,18,9,8
TCGGTGACGTAG_7,2,20,5,26,15,15,20,10,22,18
TCCTTTGCACGC_7,26,5,16,5,14,4,5,23,29,21
CCACCACATTGC_7,0,12,27,23,23,10,10,6,7,19
AAGTACGTAGAA_7,1,29,28,25,24,16,13,20,7,8
CCATGTCGTTGG_7,26,7,14,19,6,1,15,16,13,17
AGTGAATAGCAG_7,2,24,22,23,14,20,25,20,1,6
CAGAGAAGCCAT_7,18,27,29,7,24,27,18,5,18,11
CACCCGATCCCA_7,10,2,7,24,14,5,21,16,17,13
AGACCGTACCCT_7,24,2,16,14,2,15,12,22,24,21
ATTACGTCTCAT_7,20,2,0,7,3,8,9,6,26,25
GTAGACAAGATG_7,18,25,22,28,29,26,3,3,16,6
CCTTTACCTGGT_7,7,24,29,0,8,1,1,11,0,3
ACAACCGCTGTA_7,18,13,12,18,20,16,23,5,22,2
CGGAGAGTCGGT_7,28,16,15,25,1,11,25,26,4,4
CATCTCTCTATT_7,4,16,4,24,8,8,21,26,19,4
ATCCTTTTCGTC_7,2,8,6,10,14,18,10,6,20,26
ATCGTTTGAGGC_7,16,23,6,6,10,8,3,26,22,2
GTTGTAGGTATC_7,25,0,1,8,4,8,15,26,2,8
CACTTGCTGAGG_7,10,10,25,10,11,25,17,8,28,22
CTACCGCTTTAC_7,9,7,24,15,25,20,20,16,28,17
CAACACGTAATC_7,17,6,11,7,9,21,6,9,23,21
CGCCCGTGCCTA_7,20,3,25,2,16,24,22,15,9,21
CCCGGACGGCTC_7,20,3,28,9,25,28,15,27,20,22
GGATATCCACCT_7,7,12,4,23,13,8,16,11,3,22
CGGAGGTCGAGA_7,17,5,4,14,17,12,21,16,17,17
ACCAAACCTCAA_7,11,10,29,12,6,12,15,15,7,15
TAGAAGCGAAGT_7,20,3,13,8,25,25,4,27,5,28
TCAAGAAAATCC_7,14,12,27,2,23,4,10,15,19,26
GCCAAGAGATAG_7,1,25,18,28,10,23,3,18,29,11
CCCCTCTGGAAT_7,5,0,0,26,2,29,24,4,5,0
CGCCCGGATCTA_7,19,17,14,1,16,18,8,22,24,3
CTTCTCAATCTT_7,25,12,12,11,7,27,4,23,14,3
CGCACGACAGGC_7,17,13,0,13,24,13,29,2,23,21
CTACTACGTTCT_7,7,22,13,23,3,3,17,20,11,13
ATACGCACGGAC_7,19,12,21,27,20,7,0,1,12,17
GTACAACCCTAA_7,14,20,26,29,7,3,18,27,5,18
GAGCTCAATCCT_7,20,26,10,28,15,15,23,0,12,4
CCGCGCGGACGC_7,3,20,23,29,9,14,15,15,4,29
GTTGATTTGCAG_7,2,11,24,16,1,3,3,6,7,18
CGCGCAGGATTA_7,19,17,22,12,16,28,25,9,10,6
TGACTATTCGCG_7,12,9,12,18,12,29,0,14,8,2
ATGGATACGCCG_7,2,18,10,17,18,5,22,1,15,6
TTGGTGTCTTAG_7,7,28,19,0,27,9,14,15,20,16
TGTTTTAGGATT_7,20,6,23,23,11,15,9,14,21,0
CCCATAACTCTT_7,14,8,21,2,16,6,29,27,8,18
GCAGCGTTCAGA_7,1,4,15,0,6,29,13,0,0,1
AGACGTGGTCTC_7,16,16,14,24,26,5,2,17,17,14
TCCCATTGGATA_7,12,6,6,11,16,19,29,5,15,1
ACGATACCTTGC_7,20,26,28,13,7,22,12,5,21,20
GATAACCCAAAT_7,15,22,23,25,13,21,4,22,26,4
CTGCGCGCACGC_7,25,7,5,2,17,20,10,10,27,18
AACGACCAGATA_7,2,8,19,10,16,21,23,23,13,26
CTCCTTAGTGGT_7,13,3,4,25,17,8,20,11,12,13
CGCCTCATAGCT_7,25,12,29,8,1,5,8,22,1,6
CAGAGCCCCGGT_7,15,3,19,23,23,3,4,8,9,18
CACAGAGCGGCA_7,15,8,24,23,9,20,17,8,9,26
ACTCCGCTACCC_7,16,2,11,6,16,15,6,28,26,6
AGCTAAATGGCA_7,26,19,0,6,21,5,26,29,22,23
GTCACCTACCAG_7,5,7,27,23,29,24,10,23,20,4
TAGATGAATACA_7,2,5,29,12,23,18,18,9,2,26
CACAAGGGTCGT_7,16,10,16,0,6,4,3,0,23,2
CGCATCCCGTCT_7,1,9,22,21,2,14,14,3,0,11
CCTAACCGAAGT_7,20,8,25,23,25,3,24,8,15,4
TCTCCGCACCTG_7,29,13,11,25,21,22,25,9,12,4
ATTTAATAGCGG_7,10,16,21,0,17,16,21,16,12,5
CTTCGACCAGGA_7,1,17,26,23,16,16,7,28,27,11
GTTAAACGCCCT_7,24,15,2,7,26,15,12,9,18,0
CAGAGCTTTTGC_7,20,19,25,20,19,0,8,23,22,7
TTAAGAGTCTAT_7,15,2,10,7,15,7,26,10,15,15
AGCAGTGCCAGG_7,14,5,27,16,28,24,10,15,11,15
GTCCGCGAGTCG_7,3,9,18,7,2,19,13,5,6,21
TCCCCGATCGAC_7,7,12,12,29,28,28,14,18,11,13
CTTCAAGCTATT_7,15,19,6,10,14,18,10,21,15,26
AGCGCGAGCAAT_7,9,9,6,12,8,4,1,15,22,21
GCCAGGTCAAGT_7,1,25,21,6,0,14,12,2,4,0
TTCGTATATTGA_7,25,7,22,11,18,14,23,3,2,10
AACCATTGTATT_7,16,8,13,23,2,1,5,14,1,18
CCCCAGAACCGC_7,21,5,9,26,9,5,27,23,6,23
GAGCTCAATCCC_7,26,20,2,15,26,10,7,10,15,15
AGAAGCTTATGC_7,20,3,25,10,1,25,23,8,18,4
TGGAGCAGTTAC_7,14,18,7,25,11,1,10,15,7,17
CGGGTCGCGGTC_7,11,24,26,5,29,21,13,5,25,26
AACCATTCTTTC_7,0,24,17,23,7,13,16,23,25,1
GATGCTCATTCC_7,25,0,22,16,28,16,9,26,0,23
TGACCAAAGGTC_7,16,1,0,23,28,13,15,10,25,20
TGGCATACAGTC_7,14,17,17,19,17,1,5,3,29,5
TTATTCGCGATG_7,8,6,18,7,3,7,27,0,26,21
GCTCACGGAGGG_7,18,7,8,5,29,25,5,20,1,18
CCGGCGCCGTTT_7,12,0,21,1,13,6,0,22,15,24
GCCGGTCCGAGG_7,25,27,22,23,18,16,4,10,26,0
CGCATCCCGTCA_7,28,27,22,26,17,10,14,1,16,10
CCTGCATTTCCG_7,0,7,5,20,15,15,26,9,22,17
AAATACATCGTC_7,20,5,1,14,15,4,16,3,1,19
CCGCAGGCGGAT_7,21,1,25,27,16,17,8,11,4,23
CAGGATGGAAGT_7,12,11,29,22,1,23,20,18,9,16
GTTGAGGCCGAG_7,21,16,4,24,5,2,2,16,12,14
TTAACACCCCTG_7,0,19,11,18,28,26,26,23,12,23
ATCACCAGCCTG_7,21,22,25,16,14,12,8,13,20,22
AGAGTCTACCGG_7,0,1,5,17,13,27,23,22,21,23
GACAGTAAACCC_7,27,10,12,19,8,29,12,0,12,21
GCGCGTGAAACT_7,19,7,16,13,24,19,9,20,4,10
AGAGCAATCCGC_7,2,27,23,27,29,0,14,9,21,23
GACGCCTCCCTA_7,2,13,27,5,13,28,23,9,18,20
TCTTTGCTACTA_7,15,18,27,16,22,3,25,8,28,6
CGGGGATTGCCG_7,1,12,23,10,8,17,12,6,24,18
CCGTATAAGCCC_7,2,16,8,19,17,12,2,0,29,15
CCCGGACGGCTT_7,7,17,24,10,19,10,16,14,25,28
GGCGTAGTACCT_7,19,17,13,9,8,27,4,10,19,0
CCCGGTAGTAGA_7,1,9,16,4,29,3,5,11,20,22
AGCCCCAGGCTA_7,13,19,2,1,3,8,20,20,17,8
ACAGGAAATCCG_7,10,14,17,5,3,16,7,22,14,9
GCTCCTTCGTAG_7,11,15,7,26,29,1,22,8,17,23
AGTCGCGCTCGC_7,27,17,5,3,15,18,1,23,13,0
GAGCTCAATCCG_7,16,12,3,20,8,6,12,8,19,1
ACTAAGGCGAAC_7,11,29,15,26,8,0,17,7,20,22
ATTCCTGCCCTG_7,3,14,26,28,23,25,9,20,27,15
AGTCTCCCACAG_7,25,26,21,17,20,27,6,11,14,4
ACCCATTTCATG_7,24,26,11,13,9,18,12,14,24,3
CACCCTGCGGCT_7,1,25,18,15,12,22,13,27,9,27
TATGCATGCAGG_7,21,6,16,20,26,5,6,9,18,4
GACGAGCGGCAC_7,21,16,14,12,20,15,13,16,25,23
GGTGCCGTAAAC_7,24,27,29,1,4,6,18,2,9,22
GAGTCGCGATGT_7,10,26,8,27,9,28,9,28,4,8
GAGGCGGGATGG_7,19,28,25,8,6,1,4,8,7,4
AGCTAGCGGAGG_7,19,7,13,24,14,11,2,16,11,5
GGTAGCCGTAGA_7,26,1,16,15,17,24,2,15,7,5
CGACTTGTCTGT_7,9,24,21,6,11,15,4,4,16,20
TCTCTGTCTCCT_7,2,3,19,16,25,25,24,21,18,26
GGCAGACCGAAG_7,25,12,5,6,0,14,16,29,26,8
ATCCCGATGCGC_7,11,29,4,2,17,11,2,11,11,5
ATCGGCCTGTCT_7,0,4,28,28,20,29,15,23,3,23
CCTACATAAGGA_7,13,27,1,27,12,13,8,7,6,12
GTTACGCTTCTA_7,26,10,13,2,3,26,1,16,19,12
CGCCAATGATAT_7,26,13,17,14,11,12,21,10,12,4
AATTTTCGACGA_7,11,4,18,13,9,28,4,0,26,8
TCCGAGCGCTAG_7,17,22,0,3,20,16,25,29,14,24
CCCGGGCGAGGA_7,27,18,5,19,8,5,11,16,12,17
CATGGCATCGCC_7,25,4,5,29,28,7,27,13,11,11
ACCACGGGCTCC_7,26,3,13,24,27,6,24,15,7,26
GATCAAAATAAT_7,15,13,29,19,16,21,16,24,15,7
GGGAGGACTGTG_7,28,7,22,25,6,17,23,19,13,10
CGCTGACGAAAA_7,25,15,25,13,10,8,22,6,4,2
GCGCGTGAAACG_7,17,22,10,15,18,28,25,22,27,13
TAGGATGAACGA_7,20,8,13,8,8,27,14,7,28,26
CCTCACCCGTTG_7,3,18,11,27,18,28,26,28,22,8
TTTCCATACATG_7,26,7,21,19,15,1,10,16,17,14
TTTAACGCATAA_7,18,19,22,20,21,25,10,1,22,17
GACATCCTCCCT_7,23,5,28,20,16,22,26,4,13,11
TCCCCTACTTAG_7,17,25,22,29,12,27,27,3,16,12
CTCCGATCTGGG_7,17,1,18,0,20,8,7,3,17,13
GACGTCTGACGG_7,14,18,16,25,16,7,13,7,14,11
TGGGCCTATTAG_7,5,8,29,23,25,21,24,8,20,22
CAAAAAACACTT_7,7,8,19,15,9,3,24,13,20,22
GCTCACTGGCGC_7,1,2,16,26,5,16,20,6,22,21
GTGCTTCGACCT_7,29,5,3,21,4,20,11,29,16,21
ACCGGTCTGGAA_7,6,1,23,3,4,14,9,25,0,24
CCCGGACGGCTA_7,15,21,21,27,21,21,8,6,19,22
CGCGTAGATGCG_7,21,4,10,6,29,21,25,10,26,25
ATCCAGGCGCTG_7,13,29,6,12,9,14,6,10,6,8
CTCACTCGTCCT_7,10,2,10,24,28,1,23,27,11,8
GCCCGGAGCACG_7,24,12,10,7,24,16,4,22,2,24
AGTCTTTCACTA_7,3,2,16,16,3,13,7,26,23,1
CACATAATCCGG_7,6,8,5,9,29,3,8,8,28,17
GGTAAGGGCCGC_7,29,17,21,6,12,22,15,24,10,2
ACCCAAGTCGCG_7,26,25,25,23,7,14,10,9,4,10
ACTCACAGCGTG_7,24,4,4,0,26,1,25,3,15,24
GTAATAACAGTC_7,26,3,27,23,25,3,12,4,19,26
CATCTTCATTAC_7,14,11,4,24,1,10,3,11,7,9
CCGTAACGCTTC_7,4,23,17,20,14,14,23,18,2,0
CCGTAACGCTTG_7,4,3,27,24,19,22,16,16,7,17
ATAACCGATGAT_7,27,1,23,4,29,28,5,18,9,22
TAGCGCAGAAGC_7,19,4,5,13,12,17,15,5,22,23
GTTAGGACGAAG_7,14,2,3,28,26,19,19,28,22,8
CGAAAGGTCGTA_7,0,29,18,11,13,15,6,4,12,8
CGAGCGTTCCCC_7,15,24,3,26,0,29,9,24,2,3
AACCGAGCATGT_7,19,9,18,2,22,20,7,24,2,29
GACCATTAAGCA_7,9,10,28,19,23,4,10,0,7,15
TTCTGTCTTAGG_7,2,9,3,16,10,15,29,4,2,11
TTATATTTGCCC_7,25,25,9,7,11,18,15,29,21,23
GCTAAGCAGCAA_7,21,26,3,13,13,15,5,9,10,23
TCCCCTTGCCGT_7,2,6,27,17,26,17,27,23,14,8
CGGCTACTTTGT_7,21,8,13,10,22,28,24,27,19,26
TCAGCGACAGTA_7,19,20,10,25,20,21,4,25,6,21
TACGACGTGTTA_7,16,7,7,12,26,4,6,16,17,21
TACCTTGTGGCA_7,29,5,3,12,8,3,17,16,15,18
AAATTTGCAACG_7,11,6,13,10,10,9,16,3,8,21
CCAGCCAGGACG_7,19,22,11,28,0,15,26,24,27,11
CTAGATTACTGC_7,29,25,20,11,24,27,14,9,19,6
CTCACTCGTCCG_7,10,17,13,26,20,9,20,7,2,5
AATCTTCGAAAT_7,16,8,19,8,25,28,28,8,28,22
CTGACCGTCGGA_7,0,4,25,25,29,6,20,25,25,11
TCGCGCGGCCTG_7,28,3,25,2,19,24,10,20,13,28
ATGTCGTCTGCA_7,21,5,24,4,13,27,4,22,16,7
GCGCGTGAAACC_7,19,9,9,4,18,6,6,10,24,1
TGCCTGTTTAGG_7,18,0,5,10,3,22,11,3,26,28
ACCATACTACAA_7,13,9,18,28,12,20,16,9,22,20
CATCAGAATCGA_7,15,8,13,12,25,3,22,5,20,19
TTGGACAGCAAT_7,1,1,0,13,14,25,11,25,0,6
CCGCGCGGACGA_7,19,1,25,4,9,11,22,4,20,8
TTCGAGCACACA_7,18,23,12,6,29,27,0,5,22,18
TGCTCTGATACT_7,16,22,11,5,5,0,20,28,22,1
GAGCGGACGATG_7,24,29,5,4,9,19,25,24,4,27
ACCACAGGATGC_7,25,9,21,11,1,27,0,24,8,18
GCTGACAGTGAT_7,17,19,9,25,2,15,6,25,21,2
CGTGAAACACGG_7,11,8,19,2,22,25,5,8,7,29
GGATGGGTATCA_7,18,14,28,28,28,7,19,18,15,17
GGCAATAGCCCA_7,3,17,2,24,11,24,22,17,1,17
GGCAAGGATTTG_7,27,8,8,25,24,24,4,13,20,18
CTCACTCGTCCC_7,26,1,25,6,18,5,4,0,10,8
GAGGGGAGTGGT_7,1,21,12,21,1,27,16,18,5,18
GAGCTCAATCCA_7,16,24,27,7,29,1,23,28,22,1
GACTTGCATCCG_7,28,7,23,0,10,28,4,11,13,23
TCTCTGTCTCCC_7,2,2,13,9,14,20,18,21,22,26
CGCTTGCCAACA_7,5,4,17,29,11,27,29,29,16,9
CACTCAATCAGT_7,4,10,6,19,0,12,7,17,12,17
ATCAGTTAGTTC_7,20,1,0,5,14,13,7,9,20,20
GACAGAGGCAAA_7,25,9,5,27,26,29,16,5,2,23
TAAATCCGATTC_7,4,6,3,12,29,16,5,17,6,1
TCGCATTCGGGA_7,1,18,5,28,10,5,3,28,29,11
AGGCACCGACCT_7,27,22,13,2,9,17,5,5,13,19
GACTTGCATCCT_7,28,29,16,0,4,2,6,22,16,5
ATGGATTGCCAA_7,10,20,8,24,8,2,29,17,0,5
TCTCAATTGCGC_7,21,0,9,11,21,0,12,5,26,25
TCTATGGCTTCC_7,24,12,3,28,11,7,9,24,6,20
ACTAGGGCGAAC_7,2,29,11,10,11,29,5,17,14,19
CACCCGGAGCAG_7,10,24,27,7,16,19,6,4,18,9
ACGCAAACGTCG_7,29,17,5,9,21,13,16,3,23,23
CCGTAACGCTTT_7,2,23,27,19,0,8,13,3,8,21
CGTGCCGGTGCG_7,13,26,0,9,13,17,27,7,4,1
TAGGACCGGCCC_7,11,24,5,18,24,13,23,26,2,0
GGGAATAAATAT_7,29,4,21,7,20,6,19,28,23,13
CTATCCTCACTA_7,1,14,3,13,12,10,25,5,22,1
GCCTCAATCCAT_7,5,14,20,13,15,6,9,28,21,2
CGCACACTAGCA_7,8,8,25,10,25,25,24,8,18,22
TACTGCCGCGCT_7,10,19,13,18,11,12,20,8,17,22
AGACCTATCCCC_7,4,13,12,3,28,20,29,29,18,4
AGCCATTAAAGG_7,19,18,4,24,18,24,21,17,7,27
ATGAGAGTGCCG_7,15,22,6,19,8,0,16,18,23,17
AGGTGCACGGTG_7,4,5,8,12,6,12,16,20,11,17
CCTGAACTAATG_7,5,17,17,11,28,29,12,7,6,13
AAATTTGCAACT_7,7,25,24,23,4,11,2,8,25,4
CATAAAGATCCT_7,16,5,13,28,16,5,25,6,25,20
ATGGCATAGCGC_7,16,4,3,6,21,29,9,5,25,8
GGTGCCCGTGTA_7,18,4,6,0,11,2,9,2,23,23
TGATGTGTCTAT_7,24,13,17,13,26,5,22,11,6,13
GATGGGTACATC_7,10,8,9,13,19,18,17,8,28,19
GCGCGTGAAACA_7,11,25,21,9,13,0,25,4,26,23
CCACGACCAATG_7,3,1,26,5,26,15,15,29,18,3
TCGTTACCCCGG_7,6,24,22,5,16,15,11,9,22,22
GTACCGCACAGA_7,22,24,12,10,13,27,9,28,11,16
TCTCTGTCTCCG_7,13,8,19,15,14,10,14,27,20,22
GATCGCCTATGG_7,12,11,12,22,10,23,14,18,3,16
AATCTGGCGTAT_7,7,8,13,9,9,20,17,21,9,29
AGCCGTGGAACA_7,21,20,15,6,24,27,15,22,4,18
CGTGCCCGCCAA_7,8,29,11,10,2,5,19,29,26,25
ACCTCTGGAATA_7,17,25,21,14,15,7,10,9,1,28
ATAATGTTCTAT_7,12,28,1,11,23,10,27,19,18,13
TTACCGGCTCAC_7,6,7,21,25,2,5,20,23,24,13
ATGACTACGTAG_7,22,21,12,22,12,23,16,28,3,16
TGTTTAATTGGC_7,21,6,9,11,13,14,25,4,23,23
GGGCCTCCTGCG_7,3,3,19,2,9,3,20,8,5,5
GTGGAGTGAAGT_7,25,23,21,19,28,25,7,0,21,29
AGTAATCTGGCT_7,29,5,22,26,11,18,29,9,10,15
GCCGAATCGGAC_7,21,3,24,24,6,24,2,7,22,13
CGCACGACAGGT_7,24,23,2,4,13,22,0,10,23,11
GGAGCCCAGACA_7,28,7,5,0,8,11,5,15,7,5
AATAATAGGACG_7,16,16,17,25,12,7,7,29,12,9
ATCGGCATATTC_7,15,5,19,23,2,24,16,21,20,26
GACGCTGATCTG_7,9,12,25,29,28,22,19,23,27,10
CGTAAACACGTT_7,1,14,11,28,8,22,23,27,18,2
CCAATTCCCAGG_7,18,8,6,2,23,29,13,18,25,11
CTTCATGTTGAC_7,29,24,17,13,4,5,13,23,25,0
TGTAGGTAGCTC_7,24,25,22,5,24,18,9,9,2,23
GTGGTTTCGGAG_7,0,0,0,10,29,27,4,23,23,10
TTTGCAAATAGC_7,17,12,15,20,24,19,9,25,23,27
AAATTTGCAACC_7,12,20,23,9,19,20,27,0,16,5
CAGAACGTGTAA_7,9,8,3,24,14,29,20,18,7,15
GACTTGCATCCC_7,1,15,4,0,10,2,5,19,7,21
TGTCGGAATTGC_7,20,13,25,9,29,18,5,18,26,27
CGCGTAATACAG_7,7,11,12,2,12,23,3,11,29,16
GGTACTTCAGGT_7,6,4,5,13,2,18,22,10,23,19
GCGAAGGCGCAA_7,5,11,22,4,10,11,1,29,29,12
CATCCGGTGCTT_7,8,4,21,25,24,29,13,5,4,3
TCTGTCGTTCAG_7,24,18,6,27,19,13,19,5,6,7
CCAGGGCGCCAT_7,0,16,8,15,17,24,1,5,2,4
CCGTTGGGAATC_7,4,25,7,24,8,24,14,11,29,5
CCGGTTCGGTTG_7,21,28,1,15,2,1,8,0,11,5
CACTCCCCACCG_7,19,23,5,12,21,14,29,9,29,8
ACGAACTCCTTT_7,16,11,12,22,10,23,0,24,3,13
CCCGAACCTTGA_7,3,4,16,15,20,1,16,0,0,9
GCTCACTGGCGG_7,2,4,5,26,11,5,27,25,22,17
GGTCCGTTGGTT_7,21,22,29,12,17,29,23,29,2,11
CTAGACCAGTGC_7,11,19,18,7,21,14,19,29,26,23
TCGTGTTGCTAG_7,4,27,4,9,26,0,12,14,18,6
ACTGCATCCACT_7,12,21,19,27,1,1,8,8,9,22
ATGGACTTTCAG_7,16,20,10,5,24,21,9,25,15,23
CGGCGCGTCGGT_7,24,20,9,7,24,28,20,9,24,15
TGGGCTCGCTCG_7,24,2,21,11,18,27,25,28,3,15
CTATTCAGACAC_7,1,25,25,9,29,20,5,4,9,18
CCACGACCAATT_7,19,19,14,24,0,20,29,7,10,14
TCTCCCATTTCA_7,21,24,11,9,9,16,26,7,21,1
TCGCGCCAAAGT_7,4,29,2,24,0,1,21,16,29,5
TGGGTGCACTTC_7,4,10,4,2,15,12,20,16,1,8
CACGTTACTAGA_7,16,24,9,20,21,16,9,5,27,8
TTGGACTCGATT_7,5,8,19,10,22,24,24,18,29,29
CCCTAACCCTGG_7,12,0,21,27,12,7,19,6,22,12
ATGTCCTCCGAG_7,5,20,16,26,28,16,11,16,25,23
GCGCCGGGAGAG_7,15,5,7,13,5,1,12,11,1,8
GGTGCCTGCCAA_7,22,20,26,21,10,19,0,13,27,27
GTATGAAAGCTT_7,9,1,10,27,26,14,25,7,24,23
CCAATCCTGGAT_7,25,4,22,11,13,16,7,24,21,2
TTTAGTTGGGAC_7,21,4,5,5,13,6,9,25,16,27
AATGCCAGCAGG_7,29,2,11,23,16,27,9,25,14,11
ATTTCTCCCTTA_7,19,9,5,5,26,13,26,2,2,7
TCAGAAGTCCTA_7,6,9,17,5,13,19,12,5,22,8
CTGTCCCCACTT_7,8,15,12,24,28,23,3,24,25,16
GAGGCACGCAGG_7,24,4,10,4,10,14,19,19,22,4
TGCCGAATAGAT_7,12,11,12,27,28,19,19,25,3,9
AGCTACCTAGAT_7,18,9,28,18,10,7,11,26,25,12
CCAGTCTTAGCC_7,12,6,6,8,28,19,7,13,2,4
CCAACGTTAGTG_7,4,10,8,24,26,12,1,7,11,4
AAATTTGCAACA_7,24,24,12,26,13,29,20,5,7,4
TAACTAATTAAC_7,29,24,29,23,29,21,25,23,18,29
CCACGACCAATC_7,24,25,21,24,0,7,12,10,11,0
AACCCACTCTGG_7,3,24,1,11,21,8,25,9,13,27
GGACATCGCTGC_7,16,17,12,11,28,29,0,20,11,11
ACACCTAGAGTA_7,7,8,13,13,5,3,23,8,28,22
CCATTTGGTAGC_7,3,6,28,4,26,24,7,14,7,8
TAGCCTCATCAT_7,4,20,4,24,6,2,29,18,17,8
GTAATCTGTGAT_7,6,6,6,25,28,29,7,13,24,27
CACGATACGAAT_7,27,0,17,27,6,12,22,23,17,4
CTACCTCCAAGA_7,24,4,28,9,12,6,19,13,3,16
GTAAGCGGGGTC_7,26,8,27,12,2,4,1,20,9,15
AGTTACAGCTCA_7,1,7,10,13,15,29,21,16,20,5
GCCATTTCATAA_7,0,14,3,13,21,21,9,5,6,20
TCGGTGTGTGAA_7,19,25,9,10,2,22,14,6,3,12
CGAACCCTATCT_7,4,8,3,10,16,20,6,7,15,22
AGACACCACTAC_7,17,2,22,23,19,27,9,7,6,2
AGTAATCTGGCC_7,15,9,8,10,14,27,7,2,7,23
ACCAGCTGACCT_7,24,14,11,21,26,14,12,9,10,6
AACTCCTGAGCC_7,17,0,20,20,21,13,14,24,25,4
ATAGTATCCAAC_7,25,12,5,25,21,18,12,6,19,9
CATCACGCCAGT_7,7,28,11,4,6,11,8,7,23,23
TCTACTTTCCTC_7,23,6,8,19,6,19,16,16,17,4
CCCCATTAAGCT_7,10,6,9,23,14,13,21,14,21,22
GTCCCTAGGTGA_7,3,29,16,15,21,21,25,9,18,23
AATTGAATTTAT_7,7,9,3,22,10,27,19,28,0,16
TAAACTGGCATC_7,29,0,0,20,0,8,7,18,10,12
TAATTCTTTGAC_7,21,6,28,5,3,20,7,25,21,23
TCCTGTCTGACG_7,4,1,14,19,6,1,21,23,11,5
CGTAGGTCTTGC_7,7,23,2,12,22,6,23,15,18,29
GGCTGTCGTGTC_7,8,6,11,7,2,0,12,9,17,4
GGTGCAGCAAGC_7,11,10,13,0,5,21,21,17,17,5
ATTTATTAGCTG_7,19,29,17,19,6,12,7,16,15,5
TCTCACTTGTTC_7,6,26,3,11,21,21,27,28,14,25
GGCGATCGTGGA_7,11,4,20,26,21,21,25,9,6,23
TTTCTGACTGGA_7,2,6,24,8,10,21,20,6,23,16
AGTAATCTGGCG_7,8,24,8,5,9,6,26,27,6,27
TTAGACTATAAA_7,17,9,22,17,21,29,13,28,2,11
TGTGTCTGGTCA_7,8,22,16,25,16,12,10,28,16,2
ACCTGCCCGAAG_7,8,17,2,9,18,19,4,14,16,27
TCCACTTTCTCC_7,2,12,22,28,28,16,3,24,25,11
TTTAAACCCAAC_7,18,14,22,21,15,7,16,5,21,0
CGGGAACAGACT_7,2,1,3,7,21,22,17,25,12,11
TTGCCGAGCTTG_7,16,9,12,6,10,23,7,3,3,9
CTATTTCGTTTC_7,15,0,1,22,28,25,12,10,3,12
GGCGCCGCGTCA_7,24,24,23,15,23,29,5,25,13,27
CATATTGTTTTG_7,8,23,28,7,28,6,7,13,14,13
TGAGATATCATT_7,16,23,2,21,26,1,9,16,0,4
